<?xml version="1.0" encoding="UTF-8"?>
<project xmlns="http://maven.apache.org/POM/4.0.0" xmlns:xsi="http://www.w3.org/2001/XMLSchema-instance" xsi:schemaLocation="http://maven.apache.org/POM/4.0.0 http://maven.apache.org/maven-v4_0_0.xsd">
  <modelVersion>4.0.0</modelVersion>
  <groupId>com.lemon</groupId>
  <artifactId>lemon-tools</artifactId>
  <name>Lemon :: Modules :: Tools</name>
  <version>5.0</version>
  <prerequisites>
    <maven>3.0.0</maven>
  </prerequisites>
  <build>
    <pluginManagement>
      <plugins>
        <plugin>
          <groupId>org.eclipse.m2e</groupId>
          <artifactId>lifecycle-mapping</artifactId>
          <version>1.0.0</version>
          <configuration>
            <lifecycleMappingMetadata>
              <pluginExecutions>
                <pluginExecution>
                  <pluginExecutionFilter>
                    <groupId>org.codehaus.mojo</groupId>
                    <artifactId>build-helper-maven-plugin</artifactId>
                    <versionRange>[1.8,)</versionRange>
                    <goals>
                      <goal>add-test-source</goal>
                    </goals>
                  </pluginExecutionFilter>
                  <action>
                    <ignore />
                  </action>
                </pluginExecution>
              </pluginExecutions>
            </lifecycleMappingMetadata>
          </configuration>
        </plugin>
      </plugins>
    </pluginManagement>
    <plugins>
      <plugin>
        <artifactId>maven-compiler-plugin</artifactId>
        <version>3.1</version>
        <configuration>
          <source>${java.version}</source>
          <target>${java.version}</target>
          <showWarnings>true</showWarnings>
        </configuration>
      </plugin>
      <plugin>
        <artifactId>maven-jar-plugin</artifactId>
        <configuration>
          <archive>
            <manifest>
              <mainClass>com.lemon.spider.pmc.Spider</mainClass>
            </manifest>
          </archive>
        </configuration>
      </plugin>
      <plugin>
        <groupId>com.jolira</groupId>
        <artifactId>onejar-maven-plugin</artifactId>
        <version>1.4.4</version>
        <executions>
          <execution>
            <goals>
              <goal>one-jar</goal>
            </goals>
            <configuration>
              <attachToBuild>true</attachToBuild>
              <classifier>onejar</classifier>
            </configuration>
          </execution>
        </executions>
      </plugin>
      <plugin>
        <artifactId>maven-assembly-plugin</artifactId>
        <version>2.3</version>
        <executions>
          <execution>
            <id>make-assembly</id>
            <phase>package</phase>
            <goals>
              <goal>single</goal>
            </goals>
          </execution>
        </executions>
        <configuration>
          <descriptorRefs>
            <descriptorRef>jar-with-dependencies</descriptorRef>
          </descriptorRefs>
          <archive>
            <manifest>
              <mainClass>com.lemon.spider.pmc.Spider</mainClass>
            </manifest>
          </archive>
        </configuration>
      </plugin>
      <plugin>
        <artifactId>maven-shade-plugin</artifactId>
        <version>1.7.1</version>
        <executions>
          <execution>
            <phase>package</phase>
            <goals>
              <goal>shade</goal>
            </goals>
            <configuration>
              <transformers>
                <transformer>
                  <mainClass>com.lemon.spider.pmc.Spider</mainClass>
                </transformer>
                <transformer>
                  <resource>META-INF/spring.handlers</resource>
                </transformer>
                <transformer>
                  <resource>META-INF/spring.schemas</resource>
                </transformer>
              </transformers>
            </configuration>
          </execution>
        </executions>
      </plugin>
      <plugin>
        <artifactId>maven-surefire-plugin</artifactId>
        <version>2.16</version>
        <dependencies>
          <dependency>
            <groupId>org.apache.maven.surefire</groupId>
            <artifactId>surefire-junit47</artifactId>
            <version>2.16</version>
          </dependency>
        </dependencies>
        <configuration>
          <includes>
            <include>**/*Test.java</include>
          </includes>
          <argLine>-Xmx256M</argLine>
        </configuration>
      </plugin>
      <plugin>
        <groupId>org.codehaus.mojo</groupId>
        <artifactId>cobertura-maven-plugin</artifactId>
        <version>2.6</version>
        <configuration>
          <instrumentation>
            <excludes>
              <exclude>**/entity/**/*.class</exclude>
              <exclude>**/*Controller.class</exclude>
            </excludes>
          </instrumentation>
        </configuration>
      </plugin>
      <plugin>
        <artifactId>maven-enforcer-plugin</artifactId>
        <version>1.3.1</version>
        <executions>
          <execution>
            <id>enforce-banned-dependencies</id>
            <goals>
              <goal>enforce</goal>
            </goals>
            <configuration>
              <rules>
                <requireMavenVersion>
                  <version>3.0.3</version>
                </requireMavenVersion>
                <requireJavaVersion>
                  <version>1.6</version>
                </requireJavaVersion>
                <bannedDependencies>
                  <searchTransitive>true</searchTransitive>
                  <excludes>
                    <exclude>aspectj:aspectj*</exclude>
                    <exclude>org.springframework</exclude>
                  </excludes>
                  <includes>
                    <include>org.springframework:*:4.0.*</include>
                  </includes>
                </bannedDependencies>
              </rules>
              <fail>true</fail>
            </configuration>
          </execution>
        </executions>
      </plugin>
      <plugin>
        <artifactId>maven-resources-plugin</artifactId>
        <version>2.6</version>
      </plugin>
      <plugin>
        <artifactId>maven-install-plugin</artifactId>
        <version>2.5.1</version>
      </plugin>
      <plugin>
        <artifactId>maven-antrun-plugin</artifactId>
        <version>1.7</version>
      </plugin>
    </plugins>
  </build>
  <profiles>
    <profile>
      <id>run-smoke</id>
      <build>
        <plugins>
          <plugin>
            <artifactId>maven-surefire-plugin</artifactId>
            <configuration>
              <groups>org.springside.modules.test.category.Smoke</groups>
            </configuration>
          </plugin>
        </plugins>
      </build>
    </profile>
    <profile>
      <id>refresh-db</id>
      <build>
        <plugins>
          <plugin>
            <artifactId>maven-antrun-plugin</artifactId>
            <configuration>
              <target>
                <property />
                <property />
                <sql>
                  <classpath />
                  <transaction />
                  <transaction />
                </sql>
              </target>
            </configuration>
          </plugin>
        </plugins>
      </build>
    </profile>
  </profiles>
  <dependencies>
    <dependency>
      <groupId>javax.servlet</groupId>
      <artifactId>javax.servlet-api</artifactId>
      <version>3.0.1</version>
      <scope>provided</scope>
    </dependency>
    <dependency>
      <groupId>org.springside</groupId>
      <artifactId>springside-core</artifactId>
      <version>4.2.3-GA</version>
      <classifier>tests</classifier>
      <scope>test</scope>
    </dependency>
    <dependency>
      <groupId>junit</groupId>
      <artifactId>junit</artifactId>
      <version>4.11</version>
      <scope>test</scope>
      <exclusions>
        <exclusion>
          <artifactId>hamcrest-core</artifactId>
          <groupId>org.hamcrest</groupId>
        </exclusion>
      </exclusions>
    </dependency>
    <dependency>
      <groupId>org.assertj</groupId>
      <artifactId>assertj-core</artifactId>
      <version>1.7.0</version>
      <scope>test</scope>
    </dependency>
    <dependency>
      <groupId>org.mockito</groupId>
      <artifactId>mockito-core</artifactId>
      <version>1.10.8</version>
      <scope>test</scope>
      <exclusions>
        <exclusion>
          <artifactId>objenesis</artifactId>
          <groupId>org.objenesis</groupId>
        </exclusion>
        <exclusion>
          <artifactId>hamcrest-core</artifactId>
          <groupId>org.hamcrest</groupId>
        </exclusion>
      </exclusions>
    </dependency>
    <dependency>
      <groupId>org.springframework</groupId>
      <artifactId>spring-test</artifactId>
      <version>4.3.1.RELEASE</version>
      <scope>test</scope>
    </dependency>
    <dependency>
      <groupId>org.seleniumhq.selenium</groupId>
      <artifactId>selenium-java</artifactId>
      <version>2.42.2</version>
      <scope>test</scope>
      <exclusions>
        <exclusion>
          <artifactId>selenium-htmlunit-driver</artifactId>
          <groupId>org.seleniumhq.selenium</groupId>
        </exclusion>
        <exclusion>
          <artifactId>selenium-android-driver</artifactId>
          <groupId>org.seleniumhq.selenium</groupId>
        </exclusion>
        <exclusion>
          <artifactId>selenium-iphone-driver</artifactId>
          <groupId>org.seleniumhq.selenium</groupId>
        </exclusion>
        <exclusion>
          <artifactId>selenium-safari-driver</artifactId>
          <groupId>org.seleniumhq.selenium</groupId>
        </exclusion>
        <exclusion>
          <artifactId>commons-logging</artifactId>
          <groupId>commons-logging</groupId>
        </exclusion>
        <exclusion>
          <artifactId>selenium-chrome-driver</artifactId>
          <groupId>org.seleniumhq.selenium</groupId>
        </exclusion>
        <exclusion>
          <artifactId>selenium-firefox-driver</artifactId>
          <groupId>org.seleniumhq.selenium</groupId>
        </exclusion>
        <exclusion>
          <artifactId>selenium-ie-driver</artifactId>
          <groupId>org.seleniumhq.selenium</groupId>
        </exclusion>
        <exclusion>
          <artifactId>selenium-support</artifactId>
          <groupId>org.seleniumhq.selenium</groupId>
        </exclusion>
        <exclusion>
          <artifactId>webbit</artifactId>
          <groupId>org.webbitserver</groupId>
        </exclusion>
      </exclusions>
    </dependency>
    <dependency>
      <groupId>org.seleniumhq.selenium</groupId>
      <artifactId>selenium-remote-driver</artifactId>
      <version>2.42.2</version>
      <scope>test</scope>
      <exclusions>
        <exclusion>
          <artifactId>cglib-nodep</artifactId>
          <groupId>cglib</groupId>
        </exclusion>
        <exclusion>
          <artifactId>commons-logging</artifactId>
          <groupId>commons-logging</groupId>
        </exclusion>
        <exclusion>
          <artifactId>selenium-api</artifactId>
          <groupId>org.seleniumhq.selenium</groupId>
        </exclusion>
        <exclusion>
          <artifactId>commons-exec</artifactId>
          <groupId>org.apache.commons</groupId>
        </exclusion>
        <exclusion>
          <artifactId>jna</artifactId>
          <groupId>net.java.dev.jna</groupId>
        </exclusion>
        <exclusion>
          <artifactId>platform</artifactId>
          <groupId>net.java.dev.jna</groupId>
        </exclusion>
      </exclusions>
    </dependency>
  </dependencies>
  <dependencyManagement>
    <dependencies>
      <dependency>
        <groupId>org.springframework</groupId>
        <artifactId>spring-framework-bom</artifactId>
        <version>${spring.version}</version>
        <type>pom</type>
        <scope>import</scope>
      </dependency>
      <dependency>
        <groupId>net.sf.ehcache</groupId>
        <artifactId>ehcache-core</artifactId>
        <version>2.6.9</version>
      </dependency>
    </dependencies>
  </dependencyManagement>
  <properties>
    <logback.version>1.1.2</logback.version>
    <quartz.version>2.2.1</quartz.version>
    <freemarker.version>2.3.21</freemarker.version>
    <junit.version>4.11</junit.version>
    <cxf.version>2.7.11</cxf.version>
    <aspectj.version>1.8.4</aspectj.version>
    <ant.version>1.9.5</ant.version>
    <lemon.version>4.0-GA</lemon.version>
    <powermock.version>1.6.0</powermock.version>
    <hystrix.version>1.3.16</hystrix.version>
    <joda-time.version>2.3</joda-time.version>
    <selenium.version>2.42.2</selenium.version>
    <dozer.version>5.5.1</dozer.version>
    <jackson.version>2.4.4</jackson.version>
    <project.build.sourceEncoding>UTF-8</project.build.sourceEncoding>
    <mockito.version>1.10.8</mockito.version>
    <jdbc.driver.version>9.1-901.jdbc4</jdbc.driver.version>
    <jdbc.driver.groupId>postgresql</jdbc.driver.groupId>
    <jetty.version>9.3.0.RC1</jetty.version>
    <spymemcached.version>2.11.5</spymemcached.version>
    <commons-io.version>2.4</commons-io.version>
    <nosqlunit.version>0.8.0</nosqlunit.version>
    <ehcache.version>2.6.9</ehcache.version>
    <jolokia.version>1.2.3</jolokia.version>
    <sitemesh.version>3.0.0</sitemesh.version>
    <hibernate.version>4.3.7.Final</hibernate.version>
    <jedis.version>2.6.1</jedis.version>
    <jdbc.driver.artifactId>postgresql</jdbc.driver.artifactId>
    <hibernate-validator.version>5.0.3.Final</hibernate-validator.version>
    <assertj.version>1.7.0</assertj.version>
    <commons-lang3.version>3.3.2</commons-lang3.version>
    <slf4j.version>1.7.8</slf4j.version>
    <java.version>1.8</java.version>
    <mybatis.version>3.2.7</mybatis.version>
    <javasimon.version>3.5.2</javasimon.version>
    <spring.version>4.3.1.RELEASE</spring.version>
    <tomcat-jdbc.version>7.0.57</tomcat-jdbc.version>
    <guava.version>18.0</guava.version>
    <activemq.version>5.7.0</activemq.version>
    <spring-data-jpa.version>1.6.0.RELEASE</spring-data-jpa.version>
    <shiro.version>1.2.3</shiro.version>
    <springside.version>4.2.3-GA</springside.version>
  </properties>
</project>

